step,total_population_size,num_unique_strategies,population_count_per_dna,dominant_dna,dominant_group_size,average_score,best_score,worst_score,score_distribution,overall_cooperation_rate,overall_defection_rate,diversity_entropy,dominant_strategy_share,matches_played,deaths_this_step,births_this_step,reproduction_step,mutation_count,crossover_count
1,500,15,"{""0010000000001100000100000000"": 29, ""0010000000001100000100000001"": 28, ""0010000000001100000100010001"": 36, ""0010000000001100000100010100"": 38, ""0010000000001100010100000100"": 38, ""0010000000001100010100010001"": 37, ""0010000000001100010100010100"": 29, ""0010000000001100010101010100"": 33, ""0010000000001100010101010101"": 35, ""0010000000100100001000000000000100010000000000010001"": 30, ""0010001100101010111111110111100110000000001110011000000000"": 37, ""0010001100101010111111110111111111010101011111111101010101"": 34, ""00100100000111000000100001001010010000000000"": 31, ""001001010010000000000000000000000000000000000000"": 32, ""001001010010000000000001000000000000000000000000"": 33}",0010000000001100010100000100,38,55.284,100.0,4.0,"{""10"": 4, ""100"": 26, ""14"": 1, ""18"": 2, ""19"": 4, ""20"": 3, ""23"": 1, ""24"": 8, ""25"": 3, ""26"": 3, ""27"": 1, ""28"": 3, ""29"": 6, ""30"": 11, ""33"": 1, ""34"": 1, ""36"": 3, ""37"": 14, ""4"": 1, ""40"": 4, ""41"": 8, ""42"": 17, ""44"": 3, ""45"": 5, ""46"": 3, ""47"": 2, ""48"": 10, ""49"": 3, ""50"": 18, ""51"": 5, ""52"": 2, ""53"": 9, ""54"": 16, ""55"": 19, ""56"": 3, ""57"": 18, ""58"": 18, ""59"": 10, ""60"": 192, ""61"": 5, ""62"": 13, ""63"": 1, ""64"": 6, ""65"": 1, ""68"": 1, ""71"": 1, ""73"": 1, ""80"": 4, ""92"": 1, ""94"": 1, ""96"": 4}",0.6731333333333334,0.3268666666666667,3.899697018204723,0.076,375,15,0,False,0,0
2,500,15,"{""0010000000001100000100000000"": 29, ""0010000000001100000100000001"": 28, ""0010000000001100000100010001"": 37, ""0010000000001100000100010100"": 40, ""0010000000001100010100000100"": 37, ""0010000000001100010100010001"": 36, ""0010000000001100010100010100"": 29, ""0010000000001100010101010100"": 33, ""0010000000001100010101010101"": 32, ""0010000000100100001000000000000100010000000000010001"": 30, ""0010001100101010111111110111100110000000001110011000000000"": 39, ""0010001100101010111111110111111111010101011111111101010101"": 36, ""00100100000111000000100001001010010000000000"": 28, ""001001010010000000000000000000000000000000000000"": 33, ""001001010010000000000001000000000000000000000000"": 33}",0010000000001100000100010100,40,105.072,200.0,0.0,"{""0"": 10, ""100"": 11, ""101"": 8, ""102"": 9, ""103"": 7, ""104"": 4, ""105"": 7, ""106"": 3, ""108"": 8, ""109"": 6, ""110"": 15, ""111"": 5, ""112"": 10, ""113"": 3, ""114"": 19, ""115"": 14, ""116"": 7, ""117"": 21, ""118"": 4, ""119"": 7, ""120"": 91, ""121"": 2, ""122"": 2, ""123"": 2, ""124"": 8, ""127"": 1, ""128"": 2, ""131"": 5, ""132"": 1, ""133"": 1, ""136"": 2, ""137"": 4, ""140"": 2, ""142"": 1, ""145"": 1, ""146"": 1, ""149"": 1, ""150"": 1, ""151"": 1, ""152"": 3, ""153"": 2, ""154"": 4, ""155"": 2, ""156"": 2, ""158"": 6, ""160"": 8, ""184"": 1, ""192"": 1, ""194"": 1, ""196"": 1, ""200"": 1, ""48"": 3, ""50"": 2, ""52"": 3, ""53"": 1, ""54"": 2, ""55"": 1, ""57"": 3, ""59"": 1, ""60"": 14, ""61"": 2, ""62"": 2, ""63"": 1, ""64"": 2, ""65"": 3, ""67"": 1, ""68"": 3, ""69"": 1, ""70"": 4, ""73"": 1, ""74"": 1, ""75"": 5, ""79"": 10, ""80"": 4, ""82"": 7, ""83"": 2, ""84"": 6, ""85"": 6, ""86"": 2, ""87"": 5, ""88"": 2, ""90"": 12, ""91"": 4, ""92"": 5, ""93"": 4, ""94"": 3, ""95"": 4, ""96"": 4, ""97"": 17, ""98"": 6, ""99"": 2}",0.6732,0.3268,3.8971473476043306,0.08,250,10,0,False,0,0
3,500,15,"{""0010000000001100000100000000"": 28, ""0010000000001100000100000001"": 28, ""0010000000001100000100010001"": 37, ""0010000000001100000100010100"": 39, ""0010000000001100010100000100"": 37, ""0010000000001100010100010001"": 36, ""0010000000001100010100010100"": 31, ""0010000000001100010101010100"": 33, ""0010000000001100010101010101"": 32, ""0010000000100100001000000000000100010000000000010001"": 30, ""0010001100101010111111110111100110000000001110011000000000"": 37, ""0010001100101010111111110111111111010101011111111101010101"": 35, ""00100100000111000000100001001010010000000000"": 28, ""001001010010000000000000000000000000000000000000"": 34, ""001001010010000000000001000000000000000000000000"": 35}",0010000000001100000100010100,39,153.862,294.0,0.0,"{""0"": 10, ""100"": 1, ""101"": 1, ""103"": 1, ""105"": 3, ""106"": 1, ""107"": 2, ""108"": 4, ""109"": 1, ""110"": 1, ""111"": 1, ""112"": 5, ""114"": 8, ""117"": 4, ""118"": 3, ""119"": 2, ""120"": 21, ""121"": 3, ""122"": 3, ""123"": 2, ""124"": 6, ""126"": 3, ""127"": 3, ""128"": 2, ""129"": 4, ""130"": 4, ""131"": 2, ""132"": 6, ""133"": 1, ""134"": 3, ""135"": 7, ""136"": 2, ""137"": 4, ""138"": 1, ""139"": 10, ""140"": 9, ""141"": 1, ""142"": 6, ""143"": 3, ""144"": 6, ""145"": 9, ""146"": 4, ""147"": 8, ""148"": 5, ""150"": 11, ""151"": 2, ""152"": 4, ""153"": 4, ""154"": 3, ""155"": 4, ""156"": 6, ""157"": 7, ""158"": 6, ""159"": 4, ""160"": 9, ""161"": 6, ""162"": 9, ""163"": 5, ""164"": 5, ""165"": 4, ""166"": 5, ""167"": 2, ""168"": 11, ""169"": 4, ""170"": 9, ""171"": 5, ""172"": 4, ""173"": 8, ""174"": 12, ""175"": 10, ""176"": 4, ""177"": 17, ""178"": 1, ""179"": 5, ""180"": 53, ""182"": 3, ""184"": 2, ""185"": 2, ""186"": 2, ""187"": 1, ""188"": 2, ""189"": 2, ""190"": 3, ""191"": 2, ""192"": 1, ""195"": 2, ""196"": 1, ""197"": 2, ""198"": 1, ""202"": 1, ""205"": 1, ""209"": 1, ""212"": 4, ""213"": 2, ""214"": 1, ""216"": 4, ""217"": 2, ""220"": 3, ""221"": 1, ""222"": 1, ""224"": 2, ""236"": 1, ""240"": 1, ""250"": 1, ""252"": 2, ""255"": 1, ""256"": 1, ""260"": 1, ""284"": 1, ""294"": 1, ""68"": 1, ""71"": 1, ""73"": 1, ""80"": 1, ""83"": 1, ""88"": 2, ""89"": 1, ""90"": 2, ""91"": 2, ""92"": 1, ""95"": 2, ""99"": 1}",0.6645,0.3355,3.898603322976207,0.078,250,10,0,False,0,0
4,500,15,"{""0010000000001100000100000000"": 28, ""0010000000001100000100000001"": 29, ""0010000000001100000100010001"": 36, ""0010000000001100000100010100"": 42, ""0010000000001100010100000100"": 36, ""0010000000001100010100010001"": 36, ""0010000000001100010100010100"": 30, ""0010000000001100010101010100"": 34, ""0010000000001100010101010101"": 32, ""0010000000100100001000000000000100010000000000010001"": 31, ""0010001100101010111111110111100110000000001110011000000000"": 37, ""0010001100101010111111110111111111010101011111111101010101"": 35, ""00100100000111000000100001001010010000000000"": 28, ""001001010010000000000000000000000000000000000000"": 33, ""001001010010000000000001000000000000000000000000"": 33}",0010000000001100000100010100,42,202.05,394.0,0.0,"{""0"": 10, ""110"": 1, ""114"": 2, ""117"": 2, ""120"": 7, ""123"": 1, ""124"": 2, ""128"": 1, ""131"": 1, ""133"": 1, ""137"": 1, ""144"": 1, ""145"": 1, ""146"": 1, ""147"": 1, ""148"": 2, ""150"": 5, ""151"": 2, ""152"": 2, ""153"": 2, ""155"": 3, ""156"": 1, ""157"": 1, ""159"": 2, ""160"": 1, ""161"": 4, ""162"": 2, ""163"": 1, ""164"": 1, ""165"": 8, ""166"": 1, ""167"": 4, ""168"": 3, ""169"": 1, ""170"": 3, ""171"": 5, ""172"": 10, ""173"": 2, ""174"": 4, ""175"": 2, ""176"": 3, ""177"": 7, ""179"": 5, ""180"": 18, ""181"": 2, ""182"": 8, ""183"": 5, ""184"": 5, ""185"": 4, ""186"": 3, ""187"": 5, ""188"": 5, ""189"": 5, ""190"": 2, ""191"": 3, ""192"": 4, ""193"": 3, ""194"": 1, ""195"": 3, ""196"": 5, ""197"": 3, ""198"": 1, ""199"": 7, ""200"": 6, ""201"": 4, ""202"": 3, ""203"": 4, ""204"": 11, ""205"": 10, ""206"": 2, ""207"": 4, ""208"": 2, ""209"": 6, ""210"": 11, ""211"": 2, ""212"": 9, ""213"": 3, ""214"": 1, ""215"": 3, ""216"": 4, ""217"": 7, ""218"": 7, ""219"": 5, ""220"": 3, ""221"": 6, ""222"": 3, ""223"": 4, ""224"": 3, ""225"": 4, ""226"": 3, ""227"": 2, ""228"": 8, ""229"": 4, ""230"": 7, ""231"": 3, ""232"": 4, ""233"": 3, ""234"": 7, ""235"": 11, ""236"": 2, ""237"": 17, ""238"": 1, ""239"": 1, ""240"": 32, ""241"": 2, ""242"": 1, ""243"": 1, ""244"": 3, ""246"": 1, ""247"": 2, ""248"": 3, ""251"": 3, ""253"": 3, ""256"": 1, ""257"": 1, ""261"": 1, ""262"": 1, ""264"": 3, ""265"": 1, ""266"": 2, ""267"": 1, ""268"": 1, ""272"": 1, ""273"": 2, ""275"": 1, ""276"": 3, ""277"": 1, ""279"": 1, ""280"": 1, ""284"": 1, ""286"": 1, ""287"": 1, ""288"": 1, ""291"": 2, ""304"": 1, ""308"": 1, ""316"": 1, ""317"": 2, ""360"": 1, ""394"": 1, ""90"": 1, ""92"": 1}",0.6518,0.3482,3.8980087076657544,0.084,250,10,0,False,0,0
5,500,15,"{""0010000000001100000100000000"": 28, ""0010000000001100000100000001"": 29, ""0010000000001100000100010001"": 37, ""0010000000001100000100010100"": 40, ""0010000000001100010100000100"": 37, ""0010000000001100010100010001"": 36, ""0010000000001100010100010100"": 30, ""0010000000001100010101010100"": 33, ""0010000000001100010101010101"": 32, ""0010000000100100001000000000000100010000000000010001"": 30, ""0010001100101010111111110111100110000000001110011000000000"": 39, ""0010001100101010111111110111111111010101011111111101010101"": 34, ""00100100000111000000100001001010010000000000"": 29, ""001001010010000000000000000000000000000000000000"": 33, ""001001010010000000000001000000000000000000000000"": 33}",0010000000001100000100010100,40,251.178,452.0,0.0,"{""0"": 10, ""112"": 1, ""120"": 1, ""130"": 1, ""150"": 2, ""155"": 1, ""158"": 1, ""159"": 1, ""163"": 1, ""166"": 1, ""170"": 1, ""171"": 1, ""174"": 2, ""176"": 1, ""177"": 4, ""178"": 1, ""180"": 6, ""181"": 1, ""184"": 1, ""185"": 1, ""190"": 1, ""191"": 2, ""192"": 1, ""193"": 1, ""194"": 1, ""195"": 1, ""196"": 2, ""197"": 2, ""198"": 1, ""199"": 1, ""201"": 2, ""202"": 1, ""203"": 1, ""204"": 1, ""207"": 4, ""208"": 4, ""209"": 1, ""210"": 7, ""211"": 1, ""212"": 4, ""213"": 3, ""214"": 1, ""215"": 3, ""216"": 1, ""217"": 4, ""218"": 1, ""219"": 5, ""220"": 2, ""221"": 7, ""222"": 6, ""223"": 2, ""224"": 3, ""225"": 4, ""226"": 2, ""227"": 4, ""228"": 3, ""229"": 1, ""230"": 5, ""231"": 9, ""232"": 4, ""233"": 3, ""234"": 6, ""235"": 3, ""236"": 2, ""237"": 7, ""238"": 4, ""239"": 6, ""240"": 13, ""241"": 6, ""242"": 7, ""243"": 5, ""244"": 3, ""245"": 8, ""246"": 2, ""247"": 6, ""248"": 3, ""249"": 6, ""250"": 3, ""251"": 1, ""252"": 1, ""253"": 2, ""255"": 4, ""256"": 4, ""257"": 3, ""258"": 2, ""259"": 5, ""260"": 1, ""261"": 6, ""262"": 4, ""263"": 2, ""264"": 8, ""265"": 7, ""266"": 4, ""267"": 6, ""268"": 4, ""269"": 1, ""270"": 6, ""272"": 7, ""273"": 2, ""274"": 2, ""275"": 1, ""276"": 4, ""277"": 3, ""278"": 7, ""279"": 3, ""280"": 1, ""281"": 4, ""282"": 5, ""283"": 4, ""284"": 5, ""285"": 6, ""286"": 3, ""287"": 4, ""288"": 7, ""289"": 5, ""290"": 7, ""291"": 6, ""292"": 2, ""293"": 4, ""294"": 4, ""295"": 7, ""296"": 1, ""297"": 12, ""298"": 1, ""299"": 5, ""300"": 22, ""301"": 5, ""302"": 1, ""303"": 1, ""306"": 2, ""308"": 2, ""309"": 1, ""311"": 2, ""312"": 1, ""313"": 1, ""315"": 1, ""319"": 2, ""320"": 3, ""321"": 2, ""322"": 1, ""323"": 2, ""325"": 1, ""328"": 1, ""330"": 1, ""333"": 1, ""336"": 1, ""342"": 1, ""344"": 1, ""348"": 1, ""351"": 1, ""356"": 1, ""368"": 2, ""372"": 1, ""373"": 1, ""375"": 1, ""384"": 1, ""452"": 1}",0.6847,0.3153,3.898232914401868,0.08,250,10,0,False,0,0
6,500,15,"{""0010000000001100000100000000"": 28, ""0010000000001100000100000001"": 28, ""0010000000001100000100010001"": 37, ""0010000000001100000100010100"": 38, ""0010000000001100010100000100"": 36, ""0010000000001100010100010001"": 37, ""0010000000001100010100010100"": 30, ""0010000000001100010101010100"": 32, ""0010000000001100010101010101"": 34, ""0010000000100100001000000000000100010000000000010001"": 32, ""0010001100101010111111110111100110000000001110011000000000"": 38, ""0010001100101010111111110111111111010101011111111101010101"": 34, ""00100100000111000000100001001010010000000000"": 29, ""001001010010000000000000000000000000000000000000"": 34, ""001001010010000000000001000000000000000000000000"": 33}",0010001100101010111111110111100110000000001110011000000000,38,299.806,512.0,0.0,"{""0"": 10, ""136"": 1, ""150"": 1, ""168"": 1, ""174"": 2, ""177"": 2, ""180"": 2, ""185"": 1, ""200"": 1, ""201"": 1, ""204"": 1, ""207"": 2, ""209"": 1, ""210"": 4, ""215"": 2, ""217"": 1, ""218"": 1, ""219"": 1, ""220"": 1, ""221"": 1, ""222"": 1, ""227"": 1, ""229"": 3, ""230"": 1, ""231"": 2, ""232"": 1, ""233"": 1, ""234"": 2, ""235"": 3, ""237"": 3, ""238"": 1, ""239"": 1, ""240"": 6, ""241"": 1, ""243"": 1, ""248"": 1, ""249"": 2, ""251"": 4, ""252"": 2, ""253"": 1, ""254"": 2, ""255"": 2, ""256"": 1, ""257"": 3, ""258"": 3, ""259"": 1, ""260"": 1, ""261"": 1, ""262"": 3, ""264"": 2, ""265"": 1, ""266"": 2, ""267"": 7, ""268"": 1, ""269"": 3, ""270"": 5, ""271"": 4, ""272"": 1, ""273"": 6, ""274"": 1, ""276"": 7, ""277"": 2, ""278"": 3, ""279"": 4, ""280"": 3, ""281"": 5, ""282"": 6, ""283"": 3, ""284"": 4, ""286"": 1, ""287"": 2, ""288"": 6, ""289"": 1, ""290"": 5, ""291"": 9, ""292"": 4, ""293"": 2, ""294"": 8, ""295"": 4, ""296"": 1, ""297"": 12, ""299"": 1, ""300"": 8, ""301"": 5, ""302"": 5, ""303"": 2, ""304"": 2, ""305"": 8, ""306"": 6, ""308"": 4, ""309"": 4, ""310"": 3, ""311"": 2, ""313"": 2, ""315"": 4, ""316"": 2, ""317"": 1, ""318"": 3, ""319"": 8, ""320"": 2, ""321"": 7, ""322"": 3, ""323"": 2, ""324"": 12, ""325"": 9, ""326"": 6, ""327"": 6, ""328"": 1, ""329"": 2, ""330"": 7, ""331"": 1, ""332"": 4, ""333"": 2, ""334"": 2, ""335"": 6, ""336"": 3, ""337"": 4, ""338"": 8, ""339"": 2, ""340"": 2, ""341"": 4, ""342"": 3, ""343"": 3, ""344"": 4, ""345"": 8, ""346"": 6, ""347"": 3, ""348"": 5, ""349"": 3, ""350"": 4, ""351"": 3, ""352"": 1, ""353"": 2, ""354"": 1, ""355"": 5, ""356"": 5, ""357"": 9, ""359"": 2, ""360"": 12, ""361"": 3, ""364"": 3, ""366"": 2, ""367"": 2, ""368"": 4, ""369"": 1, ""370"": 1, ""372"": 1, ""374"": 1, ""375"": 1, ""376"": 1, ""379"": 1, ""380"": 1, ""382"": 1, ""384"": 1, ""388"": 2, ""390"": 1, ""396"": 1, ""400"": 1, ""407"": 1, ""408"": 2, ""411"": 1, ""421"": 1, ""422"": 1, ""430"": 1, ""432"": 1, ""473"": 1, ""512"": 1}",0.6711,0.3289,3.899493088184642,0.076,250,10,0,False,0,0
7,500,15,"{""0010000000001100000100000000"": 29, ""0010000000001100000100000001"": 29, ""0010000000001100000100010001"": 37, ""0010000000001100000100010100"": 39, ""0010000000001100010100000100"": 36, ""0010000000001100010100010001"": 37, ""0010000000001100010100010100"": 30, ""0010000000001100010101010100"": 32, ""0010000000001100010101010101"": 32, ""0010000000100100001000000000000100010000000000010001"": 31, ""0010001100101010111111110111100110000000001110011000000000"": 38, ""0010001100101010111111110111111111010101011111111101010101"": 34, ""00100100000111000000100001001010010000000000"": 28, ""001001010010000000000000000000000000000000000000"": 33, ""001001010010000000000001000000000000000000000000"": 35}",0010000000001100000100010100,39,348.152,549.0,0.0,"{""0"": 10, ""150"": 1, ""160"": 1, ""177"": 1, ""180"": 1, ""210"": 1, ""217"": 1, ""234"": 2, ""237"": 3, ""240"": 5, ""243"": 1, ""245"": 1, ""246"": 1, ""254"": 1, ""255"": 1, ""258"": 2, ""260"": 1, ""262"": 2, ""263"": 1, ""264"": 3, ""265"": 1, ""266"": 1, ""267"": 1, ""268"": 1, ""270"": 3, ""271"": 2, ""272"": 1, ""278"": 2, ""281"": 1, ""284"": 1, ""285"": 1, ""286"": 1, ""289"": 2, ""291"": 4, ""293"": 3, ""294"": 4, ""295"": 1, ""296"": 2, ""297"": 5, ""298"": 1, ""300"": 6, ""301"": 2, ""302"": 2, ""303"": 4, ""305"": 3, ""306"": 1, ""307"": 2, ""308"": 2, ""309"": 1, ""310"": 1, ""311"": 2, ""312"": 2, ""313"": 3, ""314"": 3, ""315"": 4, ""317"": 1, ""318"": 6, ""319"": 4, ""320"": 2, ""321"": 3, ""322"": 1, ""323"": 2, ""324"": 2, ""325"": 1, ""326"": 2, ""327"": 9, ""328"": 3, ""329"": 2, ""330"": 8, ""331"": 2, ""332"": 2, ""333"": 2, ""334"": 3, ""335"": 3, ""336"": 1, ""337"": 2, ""338"": 2, ""339"": 5, ""340"": 4, ""341"": 2, ""342"": 6, ""343"": 1, ""344"": 4, ""345"": 2, ""346"": 1, ""347"": 4, ""348"": 7, ""350"": 5, ""351"": 5, ""352"": 2, ""353"": 3, ""354"": 3, ""355"": 1, ""356"": 8, ""357"": 9, ""358"": 2, ""359"": 5, ""360"": 8, ""361"": 6, ""362"": 4, ""363"": 6, ""364"": 2, ""365"": 5, ""366"": 4, ""367"": 2, ""368"": 3, ""369"": 1, ""370"": 4, ""371"": 2, ""372"": 2, ""373"": 2, ""374"": 5, ""375"": 3, ""376"": 4, ""377"": 1, ""378"": 3, ""379"": 2, ""380"": 2, ""381"": 5, ""382"": 3, ""383"": 5, ""384"": 7, ""385"": 4, ""386"": 3, ""387"": 5, ""388"": 3, ""389"": 3, ""390"": 6, ""391"": 7, ""392"": 2, ""393"": 1, ""394"": 2, ""395"": 4, ""396"": 3, ""397"": 2, ""398"": 8, ""399"": 1, ""400"": 1, ""401"": 1, ""402"": 1, ""403"": 1, ""404"": 3, ""405"": 5, ""406"": 2, ""407"": 2, ""408"": 5, ""409"": 7, ""410"": 3, ""411"": 3, ""412"": 1, ""413"": 2, ""414"": 2, ""415"": 5, ""416"": 1, ""417"": 6, ""418"": 4, ""419"": 2, ""420"": 7, ""421"": 1, ""423"": 1, ""424"": 2, ""425"": 1, ""426"": 3, ""427"": 1, ""428"": 2, ""431"": 1, ""435"": 1, ""436"": 1, ""437"": 1, ""439"": 1, ""440"": 1, ""441"": 1, ""444"": 1, ""445"": 1, ""448"": 1, ""456"": 1, ""458"": 1, ""476"": 1, ""479"": 1, ""488"": 2, ""489"": 1, ""490"": 1, ""500"": 1, ""508"": 1, ""509"": 1, ""549"": 1}",0.6504,0.3496,3.899208148032838,0.078,250,10,0,False,0,0
8,500,15,"{""0010000000001100000100000000"": 29, ""0010000000001100000100000001"": 28, ""0010000000001100000100010001"": 38, ""0010000000001100000100010100"": 39, ""0010000000001100010100000100"": 36, ""0010000000001100010100010001"": 37, ""0010000000001100010100010100"": 30, ""0010000000001100010101010100"": 33, ""0010000000001100010101010101"": 32, ""0010000000100100001000000000000100010000000000010001"": 31, ""0010001100101010111111110111100110000000001110011000000000"": 38, ""0010001100101010111111110111111111010101011111111101010101"": 34, ""00100100000111000000100001001010010000000000"": 29, ""001001010010000000000000000000000000000000000000"": 33, ""001001010010000000000001000000000000000000000000"": 33}",0010000000001100000100010100,39,396.894,584.0,0.0,"{""0"": 10, ""188"": 1, ""210"": 1, ""237"": 1, ""240"": 2, ""255"": 1, ""264"": 1, ""270"": 3, ""278"": 1, ""284"": 1, ""286"": 1, ""291"": 1, ""294"": 3, ""297"": 3, ""298"": 1, ""300"": 4, ""304"": 1, ""305"": 1, ""306"": 1, ""307"": 1, ""309"": 3, ""311"": 1, ""312"": 1, ""313"": 1, ""314"": 2, ""315"": 1, ""317"": 1, ""321"": 2, ""322"": 1, ""324"": 1, ""326"": 1, ""328"": 1, ""329"": 1, ""330"": 2, ""331"": 1, ""332"": 1, ""333"": 2, ""334"": 2, ""335"": 2, ""336"": 1, ""337"": 1, ""340"": 2, ""341"": 1, ""342"": 2, ""343"": 1, ""345"": 1, ""347"": 2, ""348"": 2, ""349"": 1, ""350"": 3, ""351"": 4, ""352"": 4, ""353"": 2, ""354"": 3, ""355"": 5, ""356"": 3, ""357"": 5, ""358"": 5, ""360"": 5, ""361"": 2, ""362"": 6, ""364"": 2, ""365"": 1, ""366"": 2, ""367"": 1, ""368"": 6, ""369"": 1, ""370"": 2, ""371"": 5, ""372"": 2, ""373"": 2, ""375"": 5, ""376"": 1, ""377"": 1, ""378"": 3, ""379"": 1, ""381"": 3, ""382"": 1, ""383"": 1, ""384"": 2, ""385"": 3, ""386"": 4, ""387"": 8, ""388"": 3, ""389"": 1, ""390"": 10, ""391"": 1, ""392"": 1, ""393"": 2, ""394"": 4, ""395"": 3, ""396"": 3, ""397"": 4, ""398"": 3, ""399"": 5, ""400"": 3, ""401"": 3, ""402"": 7, ""403"": 4, ""404"": 4, ""405"": 3, ""406"": 1, ""407"": 2, ""408"": 3, ""409"": 1, ""410"": 4, ""411"": 6, ""412"": 4, ""413"": 4, ""414"": 4, ""416"": 2, ""417"": 5, ""418"": 2, ""419"": 4, ""420"": 6, ""421"": 5, ""422"": 4, ""423"": 2, ""425"": 4, ""426"": 6, ""427"": 1, ""428"": 5, ""429"": 2, ""430"": 4, ""431"": 3, ""432"": 1, ""433"": 3, ""434"": 4, ""435"": 3, ""436"": 2, ""437"": 2, ""438"": 7, ""439"": 5, ""440"": 5, ""441"": 7, ""442"": 1, ""443"": 2, ""444"": 6, ""445"": 5, ""446"": 1, ""447"": 3, ""448"": 4, ""449"": 2, ""450"": 7, ""451"": 1, ""452"": 5, ""453"": 1, ""454"": 1, ""455"": 5, ""456"": 1, ""457"": 2, ""458"": 3, ""460"": 3, ""462"": 1, ""463"": 4, ""464"": 4, ""465"": 3, ""466"": 2, ""467"": 2, ""468"": 2, ""469"": 1, ""470"": 2, ""471"": 2, ""472"": 4, ""473"": 1, ""474"": 2, ""475"": 5, ""476"": 2, ""477"": 5, ""480"": 3, ""481"": 1, ""484"": 1, ""485"": 3, ""488"": 5, ""492"": 2, ""496"": 1, ""497"": 1, ""498"": 1, ""505"": 1, ""508"": 1, ""516"": 2, ""517"": 1, ""520"": 1, ""526"": 1, ""528"": 1, ""533"": 1, ""536"": 1, ""544"": 1, ""547"": 1, ""568"": 1, ""570"": 1, ""573"": 1, ""584"": 1}",0.6623,0.3377,3.8990549934985,0.078,250,10,0,False,0,0
9,500,15,"{""0010000000001100000100000000"": 29, ""0010000000001100000100000001"": 28, ""0010000000001100000100010001"": 37, ""0010000000001100000100010100"": 39, ""0010000000001100010100000100"": 38, ""0010000000001100010100010001"": 36, ""0010000000001100010100010100"": 30, ""0010000000001100010101010100"": 33, ""0010000000001100010101010101"": 32, ""0010000000100100001000000000000100010000000000010001"": 30, ""0010001100101010111111110111100110000000001110011000000000"": 38, ""0010001100101010111111110111111111010101011111111101010101"": 34, ""00100100000111000000100001001010010000000000"": 29, ""001001010010000000000000000000000000000000000000"": 33, ""001001010010000000000001000000000000000000000000"": 34}",0010000000001100000100010100,39,445.242,628.0,0.0,"{""0"": 10, ""240"": 1, ""270"": 2, ""280"": 1, ""294"": 1, ""297"": 3, ""300"": 2, ""301"": 1, ""309"": 1, ""310"": 1, ""312"": 1, ""329"": 1, ""330"": 4, ""332"": 2, ""333"": 1, ""337"": 1, ""341"": 1, ""348"": 3, ""351"": 3, ""354"": 3, ""357"": 2, ""359"": 1, ""360"": 1, ""362"": 1, ""364"": 1, ""366"": 1, ""367"": 2, ""369"": 1, ""372"": 1, ""373"": 1, ""375"": 3, ""377"": 2, ""381"": 2, ""382"": 3, ""384"": 3, ""385"": 1, ""386"": 2, ""387"": 3, ""388"": 1, ""389"": 1, ""390"": 1, ""392"": 1, ""393"": 2, ""394"": 1, ""395"": 2, ""396"": 3, ""397"": 4, ""398"": 1, ""400"": 4, ""401"": 2, ""402"": 4, ""404"": 2, ""405"": 2, ""407"": 2, ""408"": 2, ""409"": 2, ""410"": 2, ""411"": 2, ""413"": 3, ""414"": 6, ""415"": 5, ""416"": 2, ""417"": 6, ""418"": 2, ""419"": 2, ""420"": 4, ""422"": 2, ""423"": 1, ""424"": 2, ""425"": 1, ""426"": 4, ""427"": 3, ""428"": 4, ""429"": 1, ""430"": 3, ""431"": 1, ""432"": 2, ""433"": 3, ""434"": 1, ""435"": 4, ""436"": 1, ""437"": 2, ""438"": 2, ""439"": 3, ""440"": 3, ""441"": 5, ""442"": 5, ""443"": 4, ""444"": 1, ""445"": 4, ""446"": 2, ""447"": 6, ""448"": 2, ""449"": 3, ""450"": 11, ""451"": 3, ""452"": 3, ""453"": 6, ""454"": 1, ""455"": 6, ""456"": 4, ""457"": 2, ""458"": 1, ""459"": 7, ""460"": 1, ""461"": 2, ""462"": 2, ""463"": 3, ""464"": 4, ""465"": 4, ""466"": 2, ""467"": 4, ""468"": 5, ""469"": 3, ""470"": 6, ""471"": 8, ""472"": 5, ""473"": 5, ""474"": 1, ""476"": 3, ""477"": 4, ""478"": 1, ""479"": 1, ""480"": 5, ""481"": 4, ""482"": 3, ""483"": 2, ""484"": 1, ""485"": 3, ""486"": 5, ""487"": 2, ""488"": 6, ""489"": 3, ""490"": 3, ""491"": 5, ""492"": 3, ""493"": 1, ""494"": 1, ""495"": 2, ""496"": 2, ""497"": 2, ""498"": 3, ""499"": 3, ""500"": 6, ""501"": 3, ""502"": 3, ""503"": 4, ""504"": 3, ""505"": 5, ""507"": 4, ""508"": 3, ""509"": 2, ""510"": 2, ""511"": 2, ""512"": 2, ""513"": 1, ""514"": 2, ""515"": 3, ""516"": 1, ""517"": 1, ""518"": 1, ""519"": 3, ""520"": 3, ""521"": 3, ""523"": 1, ""525"": 2, ""527"": 1, ""528"": 4, ""529"": 1, ""530"": 2, ""531"": 2, ""532"": 4, ""533"": 1, ""534"": 2, ""535"": 1, ""536"": 2, ""537"": 3, ""539"": 1, ""540"": 5, ""543"": 1, ""544"": 2, ""545"": 1, ""548"": 3, ""552"": 1, ""558"": 1, ""565"": 1, ""566"": 1, ""568"": 1, ""575"": 1, ""576"": 1, ""577"": 1, ""588"": 1, ""604"": 1, ""606"": 1, ""607"": 1, ""608"": 1, ""610"": 1, ""620"": 1, ""624"": 1, ""628"": 1}",0.6583,0.3417,3.89878426767861,0.078,250,10,0,False,0,0
10,500,24,"{""0010000000001100000100000000"": 28, ""0010000000001100000100000001"": 33, ""0010000000001100000100010001"": 39, ""0010000000001100000100010100"": 41, ""0010000000001100000100010101"": 1, ""0010000000001100000101010000"": 1, ""0010000000001100010100000001"": 1, ""0010000000001100010100000100"": 36, ""0010000000001100010100010001"": 34, ""0010000000001100010100010100"": 34, ""0010000000001100010101000100"": 1, ""0010000000001100010101010001"": 1, ""0010000000001100010101010100"": 36, ""0010000000001100010101010101"": 26, ""0010000000100100001000000000000100010000000000010001"": 30, ""0010000000100100011000000000000100010000000010010001"": 1, ""0010001100101010111111110111100110000000001110011000000000"": 32, ""0010001100101010111111110111100110010101011111111101010101"": 1, ""0010001100101010111111110111111110010101011111111101010101"": 1, ""0010001100101010111111110111111111010101011111111101010101"": 31, ""00100100000111000000100001001010010000000000"": 28, ""001001010010000000000000000000000000000000000000"": 36, ""001001010010000000000001000000000000000000000000"": 27, ""001001010010000000000001000000000000010000000000"": 1}",0010000000001100000100010100,41,0.0,0.0,0.0,"{""0"": 500}",0.6776,0.3224,4.011490739901791,0.082,250,10,245,True,6,160
11,500,24,"{""0010000000001100000100000000"": 22, ""0010000000001100000100000001"": 29, ""0010000000001100000100010001"": 39, ""0010000000001100000100010100"": 41, ""0010000000001100000100010101"": 2, ""0010000000001100000101010000"": 1, ""0010000000001100010100000001"": 1, ""0010000000001100010100000100"": 36, ""0010000000001100010100010001"": 35, ""0010000000001100010100010100"": 35, ""0010000000001100010101000100"": 1, ""0010000000001100010101010001"": 1, ""0010000000001100010101010100"": 36, ""0010000000001100010101010101"": 27, ""0010000000100100001000000000000100010000000000010001"": 31, ""0010000000100100011000000000000100010000000010010001"": 1, ""0010001100101010111111110111100110000000001110011000000000"": 33, ""0010001100101010111111110111100110010101011111111101010101"": 1, ""0010001100101010111111110111111110010101011111111101010101"": 1, ""0010001100101010111111110111111111010101011111111101010101"": 31, ""00100100000111000000100001001010010000000000"": 28, ""001001010010000000000000000000000000000000000000"": 37, ""001001010010000000000001000000000000000000000000"": 30, ""001001010010000000000001000000000000010000000000"": 1}",0010000000001100000100010100,41,49.732,100.0,0.0,"{""0"": 15, ""10"": 6, ""100"": 15, ""12"": 1, ""15"": 9, ""18"": 3, ""19"": 7, ""2"": 2, ""20"": 6, ""24"": 9, ""25"": 2, ""26"": 10, ""28"": 8, ""29"": 9, ""30"": 9, ""32"": 1, ""33"": 2, ""35"": 1, ""36"": 3, ""37"": 15, ""4"": 3, ""40"": 4, ""41"": 7, ""42"": 18, ""45"": 7, ""46"": 5, ""47"": 4, ""48"": 4, ""49"": 4, ""50"": 13, ""51"": 2, ""52"": 2, ""53"": 6, ""54"": 15, ""55"": 28, ""56"": 5, ""57"": 25, ""58"": 15, ""59"": 6, ""6"": 1, ""60"": 154, ""61"": 5, ""62"": 12, ""63"": 2, ""64"": 2, ""65"": 1, ""66"": 2, ""71"": 3, ""73"": 2, ""80"": 4, ""91"": 1, ""92"": 2, ""94"": 3}",0.6684,0.3316,4.016517795783982,0.082,250,10,0,False,0,0
12,500,23,"{""0010000000001100000100000000"": 21, ""0010000000001100000100000001"": 28, ""0010000000001100000100010001"": 40, ""0010000000001100000100010100"": 42, ""0010000000001100000100010101"": 2, ""0010000000001100000101010000"": 1, ""0010000000001100010100000100"": 35, ""0010000000001100010100010001"": 37, ""0010000000001100010100010100"": 34, ""0010000000001100010101000100"": 1, ""0010000000001100010101010001"": 1, ""0010000000001100010101010100"": 36, ""0010000000001100010101010101"": 27, ""0010000000100100001000000000000100010000000000010001"": 31, ""0010000000100100011000000000000100010000000010010001"": 1, ""0010001100101010111111110111100110000000001110011000000000"": 33, ""0010001100101010111111110111100110010101011111111101010101"": 1, ""0010001100101010111111110111111110010101011111111101010101"": 1, ""0010001100101010111111110111111111010101011111111101010101"": 31, ""00100100000111000000100001001010010000000000"": 27, ""001001010010000000000000000000000000000000000000"": 40, ""001001010010000000000001000000000000000000000000"": 29, ""001001010010000000000001000000000000010000000000"": 1}",0010000000001100000100010100,42,99.264,200.0,0.0,"{""0"": 10, ""100"": 10, ""101"": 9, ""102"": 3, ""103"": 3, ""104"": 6, ""105"": 6, ""106"": 1, ""107"": 2, ""108"": 10, ""109"": 13, ""110"": 12, ""111"": 6, ""112"": 8, ""113"": 5, ""114"": 13, ""115"": 21, ""116"": 10, ""117"": 33, ""118"": 4, ""119"": 5, ""120"": 76, ""121"": 2, ""122"": 4, ""123"": 1, ""124"": 6, ""125"": 1, ""126"": 3, ""128"": 1, ""129"": 1, ""130"": 1, ""136"": 1, ""137"": 1, ""140"": 1, ""142"": 4, ""149"": 1, ""152"": 2, ""155"": 2, ""156"": 1, ""157"": 2, ""158"": 6, ""200"": 2, ""38"": 2, ""39"": 2, ""40"": 1, ""41"": 1, ""42"": 1, ""43"": 2, ""44"": 3, ""48"": 5, ""49"": 2, ""52"": 2, ""54"": 1, ""55"": 1, ""56"": 3, ""57"": 2, ""58"": 2, ""60"": 17, ""61"": 1, ""62"": 2, ""63"": 2, ""64"": 1, ""65"": 4, ""66"": 4, ""68"": 4, ""69"": 2, ""70"": 6, ""71"": 1, ""73"": 6, ""74"": 2, ""75"": 3, ""76"": 2, ""77"": 2, ""78"": 2, ""79"": 9, ""80"": 5, ""82"": 7, ""83"": 1, ""84"": 8, ""85"": 3, ""86"": 8, ""87"": 2, ""88"": 6, ""89"": 1, ""90"": 9, ""91"": 1, ""92"": 7, ""93"": 1, ""94"": 3, ""95"": 7, ""96"": 7, ""97"": 6, ""98"": 5, ""99"": 4}",0.6741,0.3259,3.9983593827065143,0.084,250,10,0,False,0,0
13,500,23,"{""0010000000001100000100000000"": 19, ""0010000000001100000100000001"": 28, ""0010000000001100000100010001"": 42, ""0010000000001100000100010100"": 44, ""0010000000001100000100010101"": 2, ""0010000000001100000101010000"": 1, ""0010000000001100010100000100"": 34, ""0010000000001100010100010001"": 36, ""0010000000001100010100010100"": 33, ""0010000000001100010101000100"": 1, ""0010000000001100010101010001"": 1, ""0010000000001100010101010100"": 35, ""0010000000001100010101010101"": 27, ""0010000000100100001000000000000100010000000000010001"": 32, ""0010000000100100011000000000000100010000000010010001"": 1, ""0010001100101010111111110111100110000000001110011000000000"": 36, ""0010001100101010111111110111100110010101011111111101010101"": 1, ""0010001100101010111111110111111110010101011111111101010101"": 1, ""0010001100101010111111110111111111010101011111111101010101"": 31, ""00100100000111000000100001001010010000000000"": 27, ""001001010010000000000000000000000000000000000000"": 38, ""001001010010000000000001000000000000000000000000"": 29, ""001001010010000000000001000000000000010000000000"": 1}",0010000000001100000100010100,44,148.608,258.0,0.0,"{""0"": 10, ""100"": 2, ""101"": 2, ""102"": 2, ""103"": 1, ""104"": 1, ""106"": 1, ""107"": 1, ""108"": 9, ""109"": 2, ""110"": 2, ""111"": 2, ""112"": 4, ""114"": 3, ""115"": 6, ""116"": 2, ""117"": 4, ""118"": 1, ""119"": 1, ""120"": 16, ""121"": 2, ""122"": 2, ""123"": 3, ""124"": 2, ""125"": 2, ""126"": 1, ""127"": 5, ""128"": 4, ""129"": 3, ""130"": 7, ""131"": 4, ""132"": 3, ""133"": 3, ""134"": 4, ""135"": 4, ""136"": 4, ""137"": 5, ""138"": 4, ""139"": 8, ""140"": 5, ""141"": 1, ""142"": 4, ""144"": 4, ""145"": 4, ""146"": 6, ""147"": 6, ""148"": 5, ""149"": 4, ""150"": 10, ""151"": 5, ""152"": 6, ""153"": 3, ""154"": 2, ""155"": 4, ""156"": 8, ""157"": 5, ""158"": 7, ""159"": 6, ""160"": 7, ""161"": 6, ""162"": 2, ""163"": 8, ""164"": 2, ""165"": 7, ""166"": 2, ""167"": 5, ""168"": 6, ""169"": 7, ""170"": 14, ""171"": 7, ""172"": 5, ""173"": 9, ""174"": 14, ""175"": 13, ""176"": 6, ""177"": 17, ""178"": 1, ""179"": 6, ""180"": 46, ""181"": 2, ""182"": 1, ""184"": 2, ""186"": 2, ""188"": 3, ""189"": 2, ""191"": 2, ""193"": 2, ""194"": 2, ""198"": 2, ""199"": 1, ""206"": 1, ""211"": 1, ""213"": 1, ""215"": 2, ""216"": 2, ""217"": 1, ""219"": 1, ""220"": 3, ""222"": 1, ""224"": 1, ""252"": 1, ""254"": 1, ""255"": 2, ""258"": 1, ""60"": 7, ""62"": 2, ""64"": 1, ""65"": 1, ""68"": 1, ""75"": 1, ""82"": 1, ""83"": 1, ""86"": 1, ""88"": 2, ""89"": 1, ""90"": 3, ""91"": 1, ""93"": 1, ""94"": 3, ""95"": 1, ""96"": 2, ""98"": 2, ""99"": 1}",0.6844,0.3156,3.9940766108692314,0.088,250,10,0,False,0,0
14,500,23,"{""0010000000001100000100000000"": 19, ""0010000000001100000100000001"": 26, ""0010000000001100000100010001"": 43, ""0010000000001100000100010100"": 43, ""0010000000001100000100010101"": 2, ""0010000000001100000101010000"": 1, ""0010000000001100010100000100"": 34, ""0010000000001100010100010001"": 35, ""0010000000001100010100010100"": 34, ""0010000000001100010101000100"": 1, ""0010000000001100010101010001"": 1, ""0010000000001100010101010100"": 35, ""0010000000001100010101010101"": 27, ""0010000000100100001000000000000100010000000000010001"": 32, ""0010000000100100011000000000000100010000000010010001"": 1, ""0010001100101010111111110111100110000000001110011000000000"": 37, ""0010001100101010111111110111100110010101011111111101010101"": 1, ""0010001100101010111111110111111110010101011111111101010101"": 1, ""0010001100101010111111110111111111010101011111111101010101"": 31, ""00100100000111000000100001001010010000000000"": 28, ""001001010010000000000000000000000000000000000000"": 38, ""001001010010000000000001000000000000000000000000"": 29, ""001001010010000000000001000000000000010000000000"": 1}",0010000000001100000100010100,43,196.93,319.0,0.0,"{""0"": 10, ""104"": 1, ""110"": 1, ""113"": 1, ""114"": 1, ""117"": 1, ""120"": 5, ""121"": 1, ""123"": 1, ""128"": 2, ""130"": 1, ""131"": 1, ""135"": 2, ""140"": 2, ""141"": 3, ""142"": 1, ""144"": 1, ""145"": 1, ""146"": 1, ""147"": 1, ""148"": 4, ""149"": 3, ""150"": 6, ""151"": 1, ""152"": 3, ""153"": 1, ""154"": 2, ""155"": 3, ""156"": 3, ""157"": 3, ""159"": 3, ""160"": 6, ""161"": 2, ""162"": 1, ""163"": 1, ""164"": 5, ""165"": 1, ""166"": 2, ""167"": 2, ""168"": 6, ""169"": 2, ""170"": 4, ""171"": 2, ""172"": 4, ""173"": 1, ""174"": 4, ""175"": 2, ""176"": 4, ""177"": 10, ""178"": 3, ""179"": 5, ""180"": 15, ""181"": 1, ""182"": 2, ""183"": 3, ""184"": 3, ""185"": 2, ""186"": 3, ""187"": 4, ""188"": 2, ""189"": 3, ""190"": 3, ""191"": 4, ""192"": 2, ""193"": 5, ""194"": 4, ""195"": 5, ""196"": 1, ""197"": 6, ""198"": 5, ""199"": 7, ""200"": 5, ""201"": 9, ""202"": 1, ""203"": 1, ""204"": 6, ""205"": 13, ""206"": 6, ""207"": 8, ""208"": 6, ""209"": 4, ""210"": 6, ""211"": 3, ""212"": 7, ""213"": 3, ""214"": 1, ""215"": 5, ""216"": 5, ""217"": 4, ""218"": 4, ""219"": 5, ""220"": 6, ""221"": 9, ""222"": 2, ""223"": 5, ""224"": 4, ""225"": 10, ""226"": 4, ""227"": 6, ""228"": 4, ""229"": 7, ""230"": 8, ""231"": 4, ""232"": 2, ""233"": 5, ""234"": 14, ""235"": 12, ""236"": 5, ""237"": 6, ""239"": 2, ""240"": 24, ""243"": 1, ""244"": 1, ""246"": 2, ""248"": 2, ""250"": 1, ""251"": 2, ""252"": 1, ""253"": 3, ""254"": 1, ""256"": 1, ""258"": 1, ""259"": 1, ""265"": 1, ""266"": 1, ""267"": 1, ""268"": 2, ""269"": 1, ""270"": 2, ""272"": 1, ""276"": 1, ""280"": 2, ""283"": 1, ""291"": 1, ""312"": 1, ""315"": 2, ""319"": 1, ""62"": 1, ""63"": 1, ""90"": 3, ""98"": 2}",0.6471,0.3529,3.9933871574250968,0.086,250,10,0,False,0,0
15,500,23,"{""0010000000001100000100000000"": 19, ""0010000000001100000100000001"": 26, ""0010000000001100000100010001"": 40, ""0010000000001100000100010100"": 45, ""0010000000001100000100010101"": 2, ""0010000000001100000101010000"": 1, ""0010000000001100010100000100"": 35, ""0010000000001100010100010001"": 37, ""0010000000001100010100010100"": 33, ""0010000000001100010101000100"": 1, ""0010000000001100010101010001"": 1, ""0010000000001100010101010100"": 36, ""0010000000001100010101010101"": 27, ""0010000000100100001000000000000100010000000000010001"": 31, ""0010000000100100011000000000000100010000000010010001"": 1, ""0010001100101010111111110111100110000000001110011000000000"": 36, ""0010001100101010111111110111100110010101011111111101010101"": 1, ""0010001100101010111111110111111110010101011111111101010101"": 1, ""0010001100101010111111110111111111010101011111111101010101"": 31, ""00100100000111000000100001001010010000000000"": 27, ""001001010010000000000000000000000000000000000000"": 38, ""001001010010000000000001000000000000000000000000"": 30, ""001001010010000000000001000000000000010000000000"": 1}",0010000000001100000100010100,45,245.892,412.0,0.0,"{""0"": 10, ""133"": 1, ""140"": 1, ""147"": 3, ""150"": 3, ""153"": 1, ""165"": 1, ""167"": 1, ""170"": 1, ""171"": 1, ""172"": 1, ""173"": 2, ""174"": 2, ""175"": 2, ""177"": 3, ""180"": 6, ""182"": 2, ""184"": 1, ""185"": 4, ""187"": 1, ""188"": 3, ""189"": 1, ""190"": 1, ""193"": 1, ""194"": 1, ""195"": 3, ""196"": 2, ""197"": 2, ""198"": 3, ""199"": 1, ""200"": 3, ""201"": 2, ""202"": 2, ""203"": 1, ""204"": 2, ""205"": 1, ""206"": 2, ""207"": 3, ""208"": 3, ""209"": 1, ""210"": 2, ""212"": 2, ""213"": 2, ""214"": 2, ""215"": 3, ""216"": 3, ""217"": 2, ""219"": 3, ""220"": 3, ""221"": 3, ""222"": 1, ""223"": 1, ""224"": 6, ""225"": 3, ""226"": 3, ""227"": 3, ""228"": 11, ""230"": 3, ""231"": 1, ""232"": 7, ""233"": 2, ""234"": 5, ""235"": 2, ""236"": 6, ""237"": 11, ""238"": 2, ""239"": 4, ""240"": 13, ""241"": 4, ""242"": 5, ""243"": 2, ""244"": 4, ""245"": 7, ""246"": 4, ""247"": 5, ""248"": 2, ""249"": 4, ""250"": 5, ""252"": 5, ""253"": 7, ""254"": 4, ""255"": 7, ""256"": 5, ""257"": 5, ""258"": 4, ""259"": 3, ""260"": 4, ""261"": 5, ""262"": 5, ""263"": 3, ""264"": 3, ""265"": 9, ""266"": 8, ""267"": 5, ""268"": 4, ""269"": 3, ""270"": 9, ""271"": 2, ""272"": 3, ""273"": 2, ""274"": 2, ""275"": 5, ""276"": 4, ""277"": 8, ""278"": 3, ""279"": 2, ""280"": 6, ""281"": 10, ""282"": 4, ""283"": 4, ""284"": 3, ""285"": 5, ""286"": 4, ""287"": 5, ""288"": 4, ""289"": 5, ""290"": 9, ""291"": 4, ""292"": 4, ""293"": 4, ""294"": 8, ""295"": 4, ""296"": 3, ""297"": 5, ""298"": 2, ""300"": 14, ""304"": 1, ""305"": 4, ""306"": 3, ""308"": 2, ""309"": 1, ""311"": 1, ""316"": 1, ""319"": 1, ""321"": 1, ""325"": 1, ""326"": 1, ""327"": 1, ""330"": 1, ""332"": 1, ""340"": 1, ""350"": 1, ""370"": 1, ""372"": 1, ""376"": 1, ""412"": 1, ""66"": 1, ""82"": 1}",0.6701,0.3299,3.9928664557393416,0.09,250,10,0,False,0,0
16,500,23,"{""0010000000001100000100000000"": 19, ""0010000000001100000100000001"": 27, ""0010000000001100000100010001"": 40, ""0010000000001100000100010100"": 44, ""0010000000001100000100010101"": 2, ""0010000000001100000101010000"": 1, ""0010000000001100010100000100"": 35, ""0010000000001100010100010001"": 35, ""0010000000001100010100010100"": 33, ""0010000000001100010101000100"": 1, ""0010000000001100010101010001"": 1, ""0010000000001100010101010100"": 36, ""0010000000001100010101010101"": 28, ""0010000000100100001000000000000100010000000000010001"": 31, ""0010000000100100011000000000000100010000000010010001"": 1, ""0010001100101010111111110111100110000000001110011000000000"": 36, ""0010001100101010111111110111100110010101011111111101010101"": 1, ""0010001100101010111111110111111110010101011111111101010101"": 1, ""0010001100101010111111110111111111010101011111111101010101"": 31, ""00100100000111000000100001001010010000000000"": 29, ""001001010010000000000000000000000000000000000000"": 37, ""001001010010000000000001000000000000000000000000"": 30, ""001001010010000000000001000000000000010000000000"": 1}",0010000000001100000100010100,44,294.55,470.0,0.0,"{""0"": 10, ""111"": 1, ""113"": 1, ""147"": 1, ""166"": 1, ""170"": 1, ""171"": 1, ""174"": 1, ""180"": 2, ""194"": 1, ""195"": 1, ""197"": 1, ""198"": 2, ""200"": 3, ""202"": 2, ""204"": 1, ""207"": 1, ""210"": 3, ""214"": 1, ""216"": 1, ""217"": 1, ""219"": 2, ""221"": 1, ""223"": 1, ""224"": 1, ""225"": 2, ""227"": 1, ""229"": 2, ""233"": 1, ""234"": 7, ""235"": 1, ""236"": 2, ""237"": 6, ""238"": 2, ""239"": 1, ""240"": 3, ""242"": 1, ""244"": 2, ""245"": 2, ""246"": 2, ""249"": 1, ""250"": 1, ""251"": 1, ""252"": 4, ""253"": 2, ""254"": 4, ""255"": 5, ""256"": 3, ""257"": 1, ""258"": 1, ""259"": 2, ""260"": 1, ""261"": 4, ""262"": 2, ""263"": 2, ""264"": 2, ""266"": 2, ""267"": 3, ""268"": 3, ""269"": 1, ""270"": 3, ""271"": 1, ""272"": 1, ""273"": 3, ""274"": 2, ""275"": 6, ""276"": 7, ""277"": 1, ""279"": 4, ""281"": 1, ""282"": 5, ""284"": 5, ""286"": 5, ""287"": 2, ""288"": 8, ""289"": 1, ""290"": 3, ""291"": 5, ""292"": 6, ""293"": 3, ""294"": 2, ""295"": 1, ""296"": 5, ""297"": 12, ""298"": 2, ""299"": 5, ""300"": 13, ""301"": 2, ""302"": 3, ""303"": 1, ""304"": 5, ""305"": 6, ""306"": 3, ""307"": 5, ""308"": 3, ""309"": 4, ""310"": 7, ""311"": 1, ""312"": 4, ""313"": 4, ""314"": 4, ""315"": 8, ""316"": 4, ""317"": 4, ""318"": 5, ""319"": 3, ""320"": 6, ""321"": 7, ""322"": 5, ""323"": 2, ""324"": 6, ""325"": 6, ""326"": 10, ""327"": 6, ""328"": 4, ""329"": 2, ""330"": 7, ""331"": 5, ""332"": 7, ""333"": 5, ""334"": 6, ""335"": 3, ""336"": 2, ""338"": 2, ""339"": 4, ""340"": 7, ""341"": 6, ""342"": 4, ""343"": 3, ""344"": 3, ""345"": 2, ""346"": 1, ""347"": 4, ""348"": 6, ""349"": 3, ""350"": 4, ""352"": 3, ""353"": 2, ""354"": 4, ""355"": 2, ""356"": 3, ""357"": 4, ""359"": 1, ""360"": 5, ""361"": 1, ""362"": 2, ""363"": 1, ""364"": 1, ""365"": 2, ""366"": 2, ""368"": 2, ""370"": 1, ""371"": 1, ""372"": 1, ""376"": 2, ""377"": 1, ""378"": 1, ""382"": 1, ""386"": 1, ""389"": 1, ""392"": 1, ""407"": 1, ""410"": 1, ""416"": 1, ""421"": 1, ""434"": 1, ""470"": 1}",0.6641,0.3359,3.996707948912034,0.088,250,10,0,False,0,0
17,500,23,"{""0010000000001100000100000000"": 20, ""0010000000001100000100000001"": 26, ""0010000000001100000100010001"": 43, ""0010000000001100000100010100"": 44, ""0010000000001100000100010101"": 2, ""0010000000001100000101010000"": 1, ""0010000000001100010100000100"": 35, ""0010000000001100010100010001"": 35, ""0010000000001100010100010100"": 33, ""0010000000001100010101000100"": 1, ""0010000000001100010101010001"": 1, ""0010000000001100010101010100"": 35, ""0010000000001100010101010101"": 27, ""0010000000100100001000000000000100010000000000010001"": 31, ""0010000000100100011000000000000100010000000010010001"": 1, ""0010001100101010111111110111100110000000001110011000000000"": 35, ""0010001100101010111111110111100110010101011111111101010101"": 1, ""0010001100101010111111110111111110010101011111111101010101"": 1, ""0010001100101010111111110111111111010101011111111101010101"": 33, ""00100100000111000000100001001010010000000000"": 27, ""001001010010000000000000000000000000000000000000"": 38, ""001001010010000000000001000000000000000000000000"": 29, ""001001010010000000000001000000000000010000000000"": 1}",0010000000001100000100010100,44,343.036,570.0,0.0,"{""0"": 10, ""171"": 1, ""175"": 1, ""177"": 1, ""180"": 2, ""207"": 1, ""223"": 1, ""225"": 1, ""226"": 1, ""228"": 2, ""234"": 1, ""237"": 2, ""239"": 1, ""240"": 2, ""249"": 1, ""250"": 1, ""253"": 1, ""255"": 1, ""256"": 1, ""258"": 2, ""259"": 1, ""260"": 1, ""264"": 5, ""265"": 2, ""266"": 1, ""267"": 3, ""268"": 1, ""270"": 3, ""271"": 2, ""272"": 2, ""275"": 2, ""278"": 1, ""279"": 1, ""280"": 2, ""285"": 2, ""287"": 1, ""288"": 3, ""289"": 1, ""290"": 1, ""291"": 3, ""292"": 1, ""293"": 1, ""294"": 3, ""295"": 2, ""296"": 2, ""297"": 4, ""298"": 1, ""299"": 1, ""300"": 4, ""302"": 1, ""303"": 2, ""304"": 4, ""305"": 4, ""306"": 1, ""307"": 2, ""308"": 3, ""309"": 2, ""310"": 3, ""311"": 1, ""312"": 1, ""313"": 4, ""314"": 4, ""315"": 4, ""316"": 1, ""317"": 2, ""318"": 4, ""320"": 1, ""321"": 1, ""322"": 2, ""323"": 1, ""324"": 4, ""325"": 2, ""326"": 1, ""327"": 6, ""328"": 2, ""329"": 4, ""330"": 4, ""331"": 2, ""332"": 2, ""333"": 2, ""334"": 5, ""335"": 6, ""336"": 5, ""337"": 1, ""338"": 1, ""339"": 2, ""340"": 5, ""341"": 2, ""342"": 5, ""343"": 2, ""344"": 4, ""345"": 5, ""346"": 3, ""347"": 1, ""348"": 13, ""349"": 4, ""350"": 3, ""351"": 4, ""352"": 3, ""353"": 4, ""354"": 6, ""355"": 1, ""356"": 5, ""357"": 10, ""358"": 2, ""359"": 5, ""360"": 7, ""361"": 2, ""362"": 3, ""363"": 4, ""364"": 2, ""365"": 4, ""366"": 3, ""367"": 8, ""368"": 5, ""369"": 2, ""370"": 5, ""371"": 1, ""372"": 1, ""373"": 6, ""374"": 8, ""375"": 6, ""376"": 5, ""377"": 6, ""378"": 2, ""379"": 4, ""380"": 5, ""381"": 4, ""382"": 1, ""383"": 4, ""384"": 6, ""385"": 2, ""386"": 3, ""387"": 5, ""388"": 2, ""389"": 2, ""390"": 6, ""391"": 4, ""392"": 4, ""393"": 4, ""394"": 4, ""395"": 2, ""396"": 5, ""398"": 3, ""399"": 1, ""400"": 2, ""401"": 2, ""402"": 8, ""403"": 1, ""404"": 2, ""405"": 2, ""406"": 3, ""407"": 1, ""408"": 4, ""410"": 2, ""411"": 3, ""412"": 1, ""413"": 1, ""414"": 3, ""415"": 3, ""417"": 3, ""420"": 7, ""421"": 1, ""423"": 1, ""425"": 3, ""426"": 1, ""427"": 1, ""428"": 1, ""429"": 1, ""431"": 1, ""432"": 1, ""440"": 2, ""441"": 2, ""442"": 1, ""444"": 1, ""445"": 1, ""447"": 1, ""449"": 1, ""452"": 1, ""468"": 1, ""470"": 1, ""488"": 1, ""494"": 1, ""570"": 1}",0.6539,0.3461,3.994042865462133,0.088,250,10,0,False,0,0
18,500,23,"{""0010000000001100000100000000"": 21, ""0010000000001100000100000001"": 27, ""0010000000001100000100010001"": 40, ""0010000000001100000100010100"": 42, ""0010000000001100000100010101"": 2, ""0010000000001100000101010000"": 1, ""0010000000001100010100000100"": 34, ""0010000000001100010100010001"": 37, ""0010000000001100010100010100"": 34, ""0010000000001100010101000100"": 1, ""0010000000001100010101010001"": 1, ""0010000000001100010101010100"": 35, ""0010000000001100010101010101"": 27, ""0010000000100100001000000000000100010000000000010001"": 33, ""0010000000100100011000000000000100010000000010010001"": 1, ""0010001100101010111111110111100110000000001110011000000000"": 36, ""0010001100101010111111110111100110010101011111111101010101"": 1, ""0010001100101010111111110111111110010101011111111101010101"": 1, ""0010001100101010111111110111111111010101011111111101010101"": 31, ""00100100000111000000100001001010010000000000"": 28, ""001001010010000000000000000000000000000000000000"": 37, ""001001010010000000000001000000000000000000000000"": 29, ""001001010010000000000001000000000000010000000000"": 1}",0010000000001100000100010100,42,391.204,628.0,0.0,"{""0"": 10, ""180"": 1, ""217"": 1, ""231"": 1, ""234"": 1, ""240"": 1, ""241"": 1, ""250"": 1, ""254"": 1, ""256"": 1, ""260"": 1, ""264"": 1, ""267"": 1, ""268"": 1, ""270"": 2, ""282"": 1, ""285"": 1, ""286"": 1, ""288"": 1, ""289"": 1, ""291"": 1, ""297"": 3, ""299"": 1, ""300"": 2, ""303"": 1, ""304"": 2, ""307"": 4, ""313"": 1, ""314"": 1, ""315"": 1, ""316"": 2, ""317"": 1, ""318"": 1, ""319"": 1, ""320"": 1, ""321"": 1, ""322"": 1, ""323"": 1, ""324"": 6, ""325"": 1, ""327"": 4, ""331"": 1, ""332"": 1, ""333"": 3, ""339"": 1, ""340"": 1, ""341"": 1, ""342"": 2, ""345"": 3, ""348"": 2, ""349"": 1, ""350"": 5, ""351"": 3, ""352"": 5, ""353"": 2, ""354"": 4, ""355"": 3, ""356"": 1, ""357"": 5, ""358"": 5, ""359"": 2, ""360"": 5, ""361"": 1, ""362"": 2, ""364"": 2, ""365"": 3, ""366"": 4, ""367"": 4, ""368"": 5, ""369"": 6, ""370"": 2, ""371"": 2, ""372"": 1, ""373"": 1, ""374"": 2, ""375"": 1, ""376"": 2, ""377"": 2, ""378"": 4, ""379"": 3, ""380"": 5, ""381"": 1, ""382"": 2, ""383"": 1, ""384"": 2, ""385"": 3, ""386"": 4, ""387"": 7, ""388"": 3, ""389"": 5, ""390"": 3, ""391"": 1, ""392"": 2, ""393"": 2, ""394"": 4, ""395"": 3, ""396"": 3, ""397"": 3, ""398"": 4, ""399"": 3, ""400"": 5, ""401"": 1, ""402"": 7, ""403"": 3, ""404"": 1, ""405"": 4, ""406"": 7, ""407"": 3, ""408"": 13, ""409"": 4, ""410"": 5, ""411"": 7, ""412"": 4, ""413"": 2, ""414"": 4, ""415"": 5, ""416"": 5, ""417"": 7, ""418"": 6, ""419"": 4, ""420"": 9, ""421"": 1, ""422"": 4, ""423"": 3, ""424"": 2, ""425"": 1, ""426"": 2, ""427"": 4, ""428"": 3, ""429"": 1, ""430"": 7, ""431"": 2, ""432"": 3, ""433"": 6, ""434"": 1, ""435"": 4, ""436"": 4, ""437"": 1, ""438"": 1, ""439"": 2, ""440"": 6, ""441"": 1, ""442"": 1, ""443"": 1, ""444"": 2, ""445"": 1, ""446"": 4, ""447"": 4, ""449"": 1, ""450"": 3, ""451"": 3, ""452"": 4, ""453"": 2, ""454"": 2, ""455"": 2, ""456"": 5, ""458"": 2, ""459"": 4, ""460"": 1, ""461"": 2, ""462"": 3, ""463"": 2, ""464"": 3, ""465"": 1, ""466"": 1, ""467"": 1, ""468"": 3, ""470"": 3, ""471"": 4, ""472"": 1, ""473"": 2, ""474"": 3, ""475"": 2, ""476"": 1, ""477"": 2, ""479"": 1, ""480"": 4, ""482"": 1, ""483"": 1, ""485"": 2, ""486"": 1, ""487"": 2, ""491"": 1, ""492"": 1, ""496"": 1, ""502"": 3, ""504"": 1, ""508"": 2, ""521"": 1, ""525"": 1, ""528"": 1, ""541"": 1, ""552"": 2, ""628"": 1}",0.6529,0.3471,3.9998267792799242,0.084,250,10,0,False,0,0
19,500,23,"{""0010000000001100000100000000"": 20, ""0010000000001100000100000001"": 26, ""0010000000001100000100010001"": 42, ""0010000000001100000100010100"": 43, ""0010000000001100000100010101"": 2, ""0010000000001100000101010000"": 1, ""0010000000001100010100000100"": 35, ""0010000000001100010100010001"": 35, ""0010000000001100010100010100"": 33, ""0010000000001100010101000100"": 1, ""0010000000001100010101010001"": 1, ""0010000000001100010101010100"": 36, ""0010000000001100010101010101"": 28, ""0010000000100100001000000000000100010000000000010001"": 31, ""0010000000100100011000000000000100010000000010010001"": 1, ""0010001100101010111111110111100110000000001110011000000000"": 35, ""0010001100101010111111110111100110010101011111111101010101"": 1, ""0010001100101010111111110111111110010101011111111101010101"": 1, ""0010001100101010111111110111111111010101011111111101010101"": 33, ""00100100000111000000100001001010010000000000"": 27, ""001001010010000000000000000000000000000000000000"": 38, ""001001010010000000000001000000000000000000000000"": 29, ""001001010010000000000001000000000000010000000000"": 1}",0010000000001100000100010100,43,440.126,687.0,0.0,"{""0"": 10, ""210"": 1, ""231"": 1, ""264"": 1, ""267"": 1, ""294"": 1, ""297"": 3, ""304"": 1, ""305"": 1, ""310"": 1, ""318"": 1, ""324"": 4, ""327"": 1, ""328"": 1, ""330"": 2, ""340"": 1, ""341"": 2, ""342"": 1, ""344"": 1, ""345"": 1, ""348"": 2, ""349"": 2, ""351"": 1, ""352"": 1, ""354"": 1, ""356"": 1, ""357"": 3, ""359"": 1, ""360"": 3, ""363"": 1, ""366"": 1, ""367"": 1, ""368"": 1, ""369"": 1, ""370"": 2, ""373"": 2, ""374"": 1, ""375"": 1, ""376"": 2, ""377"": 1, ""378"": 1, ""379"": 2, ""380"": 3, ""381"": 2, ""382"": 1, ""383"": 1, ""384"": 3, ""387"": 2, ""388"": 3, ""389"": 1, ""392"": 2, ""393"": 2, ""394"": 4, ""395"": 1, ""396"": 2, ""397"": 2, ""399"": 4, ""400"": 6, ""402"": 3, ""404"": 2, ""405"": 1, ""406"": 2, ""407"": 1, ""408"": 2, ""409"": 5, ""410"": 3, ""411"": 2, ""412"": 2, ""413"": 3, ""414"": 4, ""415"": 1, ""416"": 3, ""417"": 6, ""418"": 1, ""419"": 1, ""420"": 4, ""421"": 1, ""422"": 5, ""423"": 5, ""424"": 4, ""425"": 4, ""426"": 4, ""427"": 3, ""428"": 1, ""429"": 3, ""430"": 2, ""431"": 2, ""432"": 1, ""434"": 2, ""435"": 3, ""436"": 1, ""437"": 5, ""438"": 6, ""439"": 1, ""440"": 4, ""441"": 2, ""442"": 5, ""443"": 1, ""444"": 4, ""445"": 2, ""446"": 4, ""447"": 5, ""448"": 1, ""449"": 3, ""450"": 4, ""451"": 3, ""452"": 1, ""453"": 5, ""454"": 3, ""455"": 3, ""456"": 4, ""457"": 2, ""459"": 4, ""460"": 5, ""461"": 4, ""462"": 5, ""463"": 2, ""464"": 4, ""465"": 6, ""466"": 7, ""467"": 3, ""468"": 10, ""469"": 4, ""470"": 7, ""471"": 4, ""472"": 2, ""473"": 4, ""474"": 4, ""475"": 4, ""476"": 2, ""477"": 8, ""478"": 3, ""479"": 3, ""480"": 7, ""481"": 3, ""482"": 4, ""483"": 1, ""484"": 2, ""485"": 2, ""486"": 2, ""487"": 3, ""488"": 2, ""490"": 4, ""491"": 2, ""492"": 2, ""493"": 1, ""494"": 1, ""495"": 1, ""496"": 2, ""497"": 4, ""498"": 1, ""499"": 4, ""500"": 5, ""501"": 2, ""504"": 3, ""505"": 2, ""506"": 5, ""507"": 4, ""509"": 3, ""510"": 2, ""511"": 1, ""512"": 3, ""513"": 2, ""514"": 2, ""515"": 1, ""516"": 6, ""517"": 1, ""518"": 3, ""519"": 1, ""521"": 2, ""522"": 1, ""524"": 2, ""525"": 2, ""526"": 1, ""527"": 3, ""528"": 4, ""530"": 1, ""531"": 3, ""532"": 2, ""534"": 1, ""535"": 2, ""536"": 1, ""538"": 1, ""539"": 1, ""540"": 3, ""541"": 1, ""542"": 2, ""545"": 1, ""546"": 1, ""549"": 1, ""552"": 1, ""556"": 3, ""562"": 1, ""585"": 1, ""588"": 1, ""599"": 1, ""602"": 1, ""605"": 1, ""621"": 1, ""628"": 1, ""687"": 1}",0.6733,0.3267,3.9958854449527026,0.086,250,10,0,False,0,0
20,500,27,"{""0010000000001100000100000000"": 17, ""0010000000001100000100000001"": 27, ""0010000000001100000100000100"": 1, ""0010000000001100000100010001"": 42, ""0010000000001100000100010100"": 44, ""0010000000001100000100010101"": 2, ""0010000000001100000101010000"": 1, ""0010000000001100000101010100"": 2, ""0010000000001100000101010101"": 1, ""0010000000001100010100000100"": 29, ""0010000000001100010100010001"": 32, ""0010000000001100010100010100"": 30, ""0010000000001100010101000100"": 1, ""0010000000001100010101010001"": 2, ""0010000000001100010101010100"": 37, ""0010000000001100010101010101"": 32, ""0010000000100100001000000000000100010000000000010001"": 32, ""0010000000100100011000000000000100010000000010010001"": 1, ""0010001100101010111111110111100110000000001110011000000000"": 39, ""0010001100101010111111110111111110010101011111111101010101"": 1, ""0010001100101010111111110111111111010101011111111000000000"": 1, ""0010001100101010111111110111111111010101011111111101010101"": 26, ""0010001100101010111111110111111111010111011111111101010101"": 1, ""00100100000111000000100001001010010000000000"": 28, ""00100100000111000000100101001010010000000000"": 1, ""001001010010000000000000000000000000000000000000"": 36, ""001001010010000000000001000000000000000000000000"": 34}",0010000000001100000100010100,44,0.0,0.0,0.0,"{""0"": 500}",0.6689,0.3311,4.058907907120108,0.088,250,10,245,True,5,165
21,500,26,"{""0010000000001100000100000000"": 16, ""0010000000001100000100000001"": 21, ""0010000000001100000100010001"": 42, ""0010000000001100000100010100"": 45, ""0010000000001100000100010101"": 2, ""0010000000001100000101010000"": 1, ""0010000000001100000101010100"": 2, ""0010000000001100000101010101"": 1, ""0010000000001100010100000100"": 30, ""0010000000001100010100010001"": 32, ""0010000000001100010100010100"": 30, ""0010000000001100010101000100"": 1, ""0010000000001100010101010001"": 2, ""0010000000001100010101010100"": 37, ""0010000000001100010101010101"": 34, ""0010000000100100001000000000000100010000000000010001"": 33, ""0010000000100100011000000000000100010000000010010001"": 1, ""0010001100101010111111110111100110000000001110011000000000"": 39, ""0010001100101010111111110111111110010101011111111101010101"": 1, ""0010001100101010111111110111111111010101011111111000000000"": 1, ""0010001100101010111111110111111111010101011111111101010101"": 26, ""0010001100101010111111110111111111010111011111111101010101"": 1, ""00100100000111000000100001001010010000000000"": 28, ""00100100000111000000100101001010010000000000"": 1, ""001001010010000000000000000000000000000000000000"": 36, ""001001010010000000000001000000000000000000000000"": 37}",0010000000001100000100010100,45,49.168,100.0,0.0,"{""0"": 13, ""1"": 2, ""10"": 8, ""100"": 13, ""15"": 10, ""17"": 1, ""18"": 6, ""19"": 5, ""20"": 4, ""23"": 2, ""24"": 6, ""25"": 4, ""26"": 4, ""28"": 9, ""29"": 2, ""30"": 6, ""31"": 1, ""32"": 8, ""33"": 4, ""34"": 1, ""35"": 3, ""36"": 2, ""37"": 19, ""39"": 1, ""4"": 1, ""40"": 5, ""41"": 6, ""42"": 21, ""43"": 1, ""45"": 13, ""46"": 2, ""47"": 1, ""48"": 10, ""49"": 3, ""50"": 22, ""51"": 3, ""52"": 5, ""53"": 7, ""54"": 14, ""55"": 25, ""56"": 3, ""57"": 17, ""58"": 5, ""59"": 10, ""60"": 163, ""61"": 3, ""62"": 11, ""63"": 2, ""64"": 2, ""7"": 1, ""71"": 2, ""72"": 1, ""80"": 3, ""92"": 1, ""94"": 1, ""96"": 2}",0.646,0.354,4.0372513418998395,0.09,250,10,0,False,0,0
22,500,26,"{""0010000000001100000100000000"": 12, ""0010000000001100000100000001"": 21, ""0010000000001100000100010001"": 44, ""0010000000001100000100010100"": 47, ""0010000000001100000100010101"": 2, ""0010000000001100000101010000"": 1, ""0010000000001100000101010100"": 2, ""0010000000001100000101010101"": 1, ""0010000000001100010100000100"": 29, ""0010000000001100010100010001"": 32, ""0010000000001100010100010100"": 30, ""0010000000001100010101000100"": 1, ""0010000000001100010101010001"": 2, ""0010000000001100010101010100"": 36, ""0010000000001100010101010101"": 35, ""0010000000100100001000000000000100010000000000010001"": 32, ""0010000000100100011000000000000100010000000010010001"": 1, ""0010001100101010111111110111100110000000001110011000000000"": 40, ""0010001100101010111111110111111110010101011111111101010101"": 1, ""0010001100101010111111110111111111010101011111111000000000"": 1, ""0010001100101010111111110111111111010101011111111101010101"": 26, ""0010001100101010111111110111111111010111011111111101010101"": 1, ""00100100000111000000100001001010010000000000"": 28, ""00100100000111000000100101001010010000000000"": 1, ""001001010010000000000000000000000000000000000000"": 36, ""001001010010000000000001000000000000000000000000"": 38}",0010000000001100000100010100,47,97.478,200.0,0.0,"{""0"": 10, ""100"": 9, ""101"": 6, ""102"": 5, ""103"": 5, ""104"": 5, ""105"": 8, ""106"": 4, ""107"": 1, ""108"": 10, ""109"": 7, ""110"": 10, ""111"": 5, ""112"": 5, ""113"": 2, ""114"": 11, ""115"": 18, ""116"": 1, ""117"": 12, ""118"": 2, ""119"": 9, ""120"": 86, ""121"": 2, ""122"": 2, ""123"": 1, ""124"": 1, ""125"": 1, ""126"": 2, ""127"": 1, ""128"": 1, ""129"": 1, ""130"": 1, ""131"": 3, ""132"": 1, ""133"": 2, ""136"": 1, ""137"": 2, ""142"": 4, ""145"": 1, ""148"": 1, ""149"": 1, ""154"": 3, ""156"": 1, ""157"": 2, ""160"": 2, ""161"": 1, ""164"": 1, ""192"": 2, ""200"": 2, ""37"": 1, ""39"": 1, ""40"": 1, ""43"": 2, ""44"": 2, ""47"": 2, ""48"": 2, ""49"": 1, ""51"": 1, ""52"": 5, ""55"": 2, ""56"": 5, ""57"": 5, ""58"": 3, ""59"": 3, ""60"": 17, ""62"": 6, ""63"": 2, ""64"": 2, ""65"": 3, ""66"": 3, ""67"": 2, ""68"": 1, ""69"": 1, ""70"": 10, ""71"": 2, ""72"": 2, ""73"": 2, ""74"": 1, ""75"": 2, ""77"": 2, ""78"": 8, ""79"": 7, ""80"": 4, ""81"": 5, ""82"": 10, ""83"": 2, ""84"": 6, ""85"": 7, ""86"": 4, ""87"": 7, ""88"": 6, ""90"": 13, ""91"": 5, ""92"": 8, ""93"": 1, ""94"": 6, ""95"": 6, ""96"": 5, ""97"": 13, ""98"": 8, ""99"": 1}",0.6342,0.3658,4.022779693951274,0.094,250,10,0,False,0,0
23,500,26,"{""0010000000001100000100000000"": 12, ""0010000000001100000100000001"": 22, ""0010000000001100000100010001"": 43, ""0010000000001100000100010100"": 47, ""0010000000001100000100010101"": 2, ""0010000000001100000101010000"": 1, ""0010000000001100000101010100"": 2, ""0010000000001100000101010101"": 1, ""0010000000001100010100000100"": 28, ""0010000000001100010100010001"": 32, ""0010000000001100010100010100"": 29, ""0010000000001100010101000100"": 1, ""0010000000001100010101010001"": 2, ""0010000000001100010101010100"": 35, ""0010000000001100010101010101"": 36, ""0010000000100100001000000000000100010000000000010001"": 32, ""0010000000100100011000000000000100010000000010010001"": 1, ""0010001100101010111111110111100110000000001110011000000000"": 39, ""0010001100101010111111110111111110010101011111111101010101"": 1, ""0010001100101010111111110111111111010101011111111000000000"": 1, ""0010001100101010111111110111111111010101011111111101010101"": 28, ""0010001100101010111111110111111111010111011111111101010101"": 1, ""00100100000111000000100001001010010000000000"": 27, ""00100100000111000000100101001010010000000000"": 1, ""001001010010000000000000000000000000000000000000"": 37, ""001001010010000000000001000000000000000000000000"": 39}",0010000000001100000100010100,47,145.788,260.0,0.0,"{""0"": 10, ""101"": 1, ""102"": 1, ""103"": 1, ""104"": 1, ""105"": 1, ""106"": 1, ""107"": 1, ""108"": 1, ""109"": 2, ""110"": 5, ""111"": 2, ""112"": 7, ""113"": 1, ""114"": 2, ""115"": 4, ""116"": 5, ""117"": 6, ""118"": 1, ""119"": 4, ""120"": 21, ""121"": 4, ""122"": 4, ""123"": 3, ""124"": 5, ""125"": 1, ""126"": 2, ""127"": 6, ""128"": 3, ""129"": 1, ""130"": 11, ""131"": 4, ""132"": 6, ""133"": 3, ""134"": 2, ""135"": 3, ""136"": 2, ""137"": 1, ""138"": 5, ""139"": 6, ""140"": 4, ""141"": 5, ""142"": 3, ""143"": 5, ""144"": 8, ""145"": 7, ""146"": 8, ""147"": 8, ""148"": 2, ""150"": 14, ""151"": 7, ""152"": 5, ""153"": 2, ""154"": 6, ""155"": 5, ""156"": 5, ""157"": 12, ""158"": 4, ""159"": 1, ""160"": 11, ""161"": 6, ""162"": 3, ""163"": 4, ""164"": 2, ""165"": 9, ""166"": 3, ""167"": 4, ""168"": 9, ""169"": 1, ""170"": 6, ""171"": 9, ""172"": 2, ""173"": 6, ""174"": 5, ""175"": 10, ""176"": 1, ""177"": 14, ""178"": 3, ""179"": 9, ""180"": 45, ""181"": 2, ""182"": 1, ""183"": 2, ""184"": 4, ""186"": 3, ""187"": 2, ""188"": 2, ""189"": 1, ""191"": 3, ""194"": 1, ""196"": 1, ""197"": 3, ""205"": 1, ""210"": 1, ""211"": 1, ""212"": 2, ""214"": 1, ""216"": 2, ""218"": 1, ""220"": 1, ""224"": 1, ""230"": 1, ""237"": 1, ""252"": 1, ""255"": 1, ""260"": 1, ""60"": 6, ""61"": 1, ""62"": 1, ""63"": 1, ""64"": 1, ""67"": 1, ""68"": 2, ""69"": 1, ""72"": 2, ""76"": 1, ""77"": 1, ""83"": 1, ""84"": 1, ""88"": 1, ""89"": 1, ""90"": 1, ""92"": 1, ""93"": 1, ""94"": 2, ""96"": 3, ""97"": 3, ""98"": 2, ""99"": 1}",0.6486,0.3514,4.024482791868933,0.094,250,10,0,False,0,0
24,500,26,"{""0010000000001100000100000000"": 12, ""0010000000001100000100000001"": 21, ""0010000000001100000100010001"": 43, ""0010000000001100000100010100"": 47, ""0010000000001100000100010101"": 3, ""0010000000001100000101010000"": 1, ""0010000000001100000101010100"": 2, ""0010000000001100000101010101"": 1, ""0010000000001100010100000100"": 29, ""0010000000001100010100010001"": 32, ""0010000000001100010100010100"": 29, ""0010000000001100010101000100"": 1, ""0010000000001100010101010001"": 2, ""0010000000001100010101010100"": 35, ""0010000000001100010101010101"": 36, ""0010000000100100001000000000000100010000000000010001"": 33, ""0010000000100100011000000000000100010000000010010001"": 1, ""0010001100101010111111110111100110000000001110011000000000"": 40, ""0010001100101010111111110111111110010101011111111101010101"": 1, ""0010001100101010111111110111111111010101011111111000000000"": 1, ""0010001100101010111111110111111111010101011111111101010101"": 26, ""0010001100101010111111110111111111010111011111111101010101"": 1, ""00100100000111000000100001001010010000000000"": 27, ""00100100000111000000100101001010010000000000"": 1, ""001001010010000000000000000000000000000000000000"": 37, ""001001010010000000000001000000000000000000000000"": 38}",0010000000001100000100010100,47,193.53,312.0,0.0,"{""0"": 10, ""101"": 1, ""109"": 1, ""111"": 1, ""114"": 2, ""116"": 1, ""117"": 5, ""120"": 5, ""122"": 1, ""123"": 1, ""124"": 3, ""126"": 1, ""128"": 1, ""129"": 2, ""130"": 1, ""132"": 1, ""135"": 1, ""138"": 1, ""139"": 1, ""140"": 2, ""141"": 1, ""142"": 2, ""143"": 3, ""145"": 1, ""146"": 2, ""147"": 4, ""148"": 1, ""150"": 5, ""151"": 1, ""152"": 1, ""153"": 1, ""154"": 5, ""155"": 2, ""156"": 3, ""158"": 4, ""159"": 1, ""160"": 1, ""161"": 4, ""162"": 6, ""163"": 2, ""164"": 4, ""165"": 3, ""166"": 2, ""167"": 2, ""168"": 5, ""169"": 2, ""170"": 3, ""171"": 1, ""172"": 6, ""173"": 3, ""174"": 4, ""175"": 2, ""176"": 6, ""177"": 7, ""178"": 4, ""179"": 4, ""180"": 15, ""181"": 4, ""182"": 4, ""183"": 1, ""184"": 4, ""185"": 2, ""186"": 2, ""187"": 2, ""188"": 4, ""189"": 3, ""190"": 8, ""191"": 4, ""192"": 7, ""193"": 4, ""194"": 3, ""195"": 4, ""196"": 4, ""197"": 7, ""198"": 10, ""199"": 4, ""200"": 3, ""201"": 5, ""202"": 6, ""203"": 1, ""204"": 9, ""205"": 4, ""206"": 7, ""207"": 7, ""208"": 3, ""209"": 3, ""210"": 12, ""211"": 3, ""212"": 5, ""213"": 1, ""214"": 7, ""215"": 4, ""216"": 3, ""217"": 9, ""218"": 5, ""219"": 1, ""220"": 11, ""221"": 7, ""222"": 1, ""223"": 5, ""224"": 1, ""225"": 9, ""226"": 3, ""227"": 3, ""228"": 8, ""229"": 1, ""230"": 7, ""231"": 5, ""232"": 4, ""233"": 4, ""234"": 6, ""235"": 7, ""237"": 7, ""238"": 2, ""239"": 5, ""240"": 21, ""241"": 2, ""242"": 1, ""244"": 1, ""247"": 2, ""248"": 3, ""250"": 1, ""251"": 2, ""252"": 1, ""256"": 2, ""259"": 1, ""260"": 1, ""264"": 1, ""269"": 1, ""272"": 3, ""273"": 2, ""276"": 1, ""277"": 1, ""278"": 1, ""280"": 3, ""290"": 1, ""291"": 1, ""308"": 1, ""312"": 1, ""65"": 1, ""83"": 1, ""92"": 2, ""94"": 1}",0.6338,0.3662,4.029944660189806,0.094,250,10,0,False,0,0
25,500,26,"{""0010000000001100000100000000"": 13, ""0010000000001100000100000001"": 22, ""0010000000001100000100010001"": 42, ""0010000000001100000100010100"": 49, ""0010000000001100000100010101"": 2, ""0010000000001100000101010000"": 1, ""0010000000001100000101010100"": 2, ""0010000000001100000101010101"": 1, ""0010000000001100010100000100"": 28, ""0010000000001100010100010001"": 33, ""0010000000001100010100010100"": 30, ""0010000000001100010101000100"": 1, ""0010000000001100010101010001"": 2, ""0010000000001100010101010100"": 34, ""0010000000001100010101010101"": 35, ""0010000000100100001000000000000100010000000000010001"": 32, ""0010000000100100011000000000000100010000000010010001"": 1, ""0010001100101010111111110111100110000000001110011000000000"": 40, ""0010001100101010111111110111111110010101011111111101010101"": 1, ""0010001100101010111111110111111111010101011111111000000000"": 1, ""0010001100101010111111110111111111010101011111111101010101"": 26, ""0010001100101010111111110111111111010111011111111101010101"": 1, ""00100100000111000000100001001010010000000000"": 27, ""00100100000111000000100101001010010000000000"": 1, ""001001010010000000000000000000000000000000000000"": 36, ""001001010010000000000001000000000000000000000000"": 39}",0010000000001100000100010100,49,240.768,390.0,0.0,"{""0"": 10, ""111"": 1, ""112"": 1, ""114"": 1, ""116"": 1, ""117"": 1, ""119"": 1, ""123"": 1, ""133"": 1, ""145"": 1, ""148"": 2, ""152"": 1, ""153"": 1, ""154"": 1, ""156"": 2, ""161"": 1, ""163"": 1, ""166"": 1, ""169"": 2, ""170"": 1, ""174"": 2, ""175"": 1, ""177"": 1, ""180"": 7, ""182"": 5, ""184"": 1, ""186"": 2, ""187"": 3, ""188"": 1, ""189"": 1, ""190"": 1, ""192"": 3, ""194"": 1, ""195"": 2, ""196"": 5, ""198"": 2, ""199"": 2, ""200"": 3, ""201"": 1, ""202"": 3, ""203"": 3, ""204"": 3, ""205"": 1, ""206"": 4, ""207"": 4, ""208"": 3, ""209"": 1, ""210"": 8, ""211"": 4, ""212"": 4, ""213"": 2, ""214"": 4, ""215"": 4, ""216"": 3, ""217"": 2, ""218"": 2, ""219"": 1, ""220"": 3, ""221"": 4, ""222"": 5, ""223"": 1, ""224"": 3, ""225"": 3, ""226"": 5, ""227"": 7, ""228"": 6, ""229"": 4, ""230"": 5, ""231"": 2, ""232"": 10, ""233"": 2, ""234"": 3, ""235"": 1, ""236"": 8, ""237"": 8, ""238"": 4, ""239"": 4, ""240"": 11, ""242"": 3, ""243"": 1, ""244"": 6, ""245"": 4, ""246"": 1, ""247"": 5, ""248"": 7, ""249"": 3, ""250"": 5, ""251"": 5, ""252"": 6, ""253"": 5, ""254"": 7, ""255"": 6, ""256"": 3, ""257"": 2, ""258"": 7, ""259"": 4, ""260"": 9, ""261"": 2, ""262"": 4, ""263"": 3, ""264"": 10, ""265"": 3, ""266"": 3, ""267"": 8, ""268"": 4, ""269"": 5, ""270"": 7, ""271"": 5, ""272"": 2, ""273"": 1, ""274"": 4, ""275"": 3, ""276"": 3, ""277"": 5, ""278"": 4, ""280"": 5, ""281"": 5, ""282"": 1, ""283"": 5, ""285"": 2, ""286"": 2, ""287"": 1, ""288"": 4, ""289"": 4, ""290"": 3, ""291"": 6, ""292"": 6, ""293"": 2, ""294"": 1, ""295"": 7, ""296"": 3, ""297"": 3, ""298"": 1, ""299"": 1, ""300"": 10, ""301"": 2, ""304"": 1, ""306"": 1, ""307"": 1, ""308"": 1, ""310"": 1, ""311"": 2, ""312"": 1, ""315"": 2, ""316"": 1, ""319"": 1, ""321"": 1, ""322"": 1, ""323"": 1, ""324"": 1, ""327"": 2, ""329"": 1, ""331"": 1, ""332"": 1, ""336"": 3, ""340"": 2, ""372"": 3, ""390"": 1}",0.6276,0.3724,4.025172013666849,0.098,250,10,0,False,0,0
